node,x_m,y_m,temperature_K,potential_V
0,0,0,293.15,0.8
1,0.0025,0,294.1036111318543,0.7970069898371408
2,0.005,0,295.0539619563573,0.7940021885258932
3,0.0075,0,296.00447733012385,0.79097321056535
4,0.01,0,296.9601418092378,0.7879081566841302
5,0.012499999999999999,0,302.7890542313525,0.7669974058702257
6,0.015,0,308.3393043201268,0.7457200823029463
7,0.017499999999999998,0,313.60755636618086,0.7239852935889101
8,0.02,0,318.59947042129414,0.7017237635016067
9,0.0225,0,323.30977826528346,0.678876865026477
10,0.025,0,327.7241854666521,0.6554087426041865
11,0.027499999999999997,0,331.82003611794954,0.6313161307739013
12,0.03,0,335.5681535262549,0.6066354986277049
13,0.032499999999999994,0,338.93616574160825,0.5814443303627024
14,0.034999999999999996,0,341.8928794248093,0.5558539371001586
15,0.0375,0,344.41262441703594,0.5299936564340654
16,0.04,0,346.478240789158,0.5039896794498393
17,0.042499999999999996,0,348.08175006156273,0.47794433891474253
18,0.045,0,349.2226179198382,0.4519219056766545
19,0.047499999999999994,0,349.9044087506952,0.42594470328667416
20,0.049999999999999996,0,350.1311161723956,0.3999999999994403
21,0.052500000000000005,0,349.9044087585144,0.37405529671220905
22,0.05499999999999999,0,349.2226179339562,0.34807809432223796
23,0.057499999999999996,0,348.08175007938576,0.32205566108417155
24,0.06,0,346.47824080754987,0.2960103205491113
25,0.06249999999999999,0,344.41262443282017,0.27000634356493053
26,0.06499999999999999,0,341.89287943537204,0.24414606289888524
27,0.06749999999999999,0,338.936165745463,0.21855566963639073
28,0.06999999999999999,0,335.5681535232088,0.19336450137143718
29,0.0725,0,331.82003610889285,0.16868386922531467
30,0.075,0,327.7241854532993,0.14459125739520534
31,0.0775,0,323.30977824991885,0.12112313497308906
32,0.08,0,318.5994704063497,0.09827623649812947
33,0.0825,0,313.60755635376125,0.07601470641091297
34,0.08499999999999999,0,308.3393043117839,0.05427991769692269
35,0.0875,0,302.78905422812596,0.03300259412966552
36,0.09,0,296.9601418106968,0.01209184331578241
37,0.09249999999999999,0,296.00447733169506,0.009026789434566557
38,0.09499999999999999,0,295.0539619574771,0.005997811474037248
39,0.09749999999999999,0,294.1036111324205,0.0029930101628155735
40,0.09999999999999998,0,293.15,0
41,0.1,0.0025,293.15,0
42,0.1,0.005,293.15,0
43,0.1,0.0075,293.15,0
44,0.1,0.01,293.15,0
45,0.1,0.0125,293.15,0
46,0.1,0.015,293.15,0
47,0.1,0.0175,293.15,0
48,0.1,0.02,293.15,0
49,0.1,0.0225,293.15,0
50,0.1,0.025,293.15,0
51,0.1,0.027499999999999997,293.15,0
52,0.1,0.03,293.15,0
53,0.1,0.032499999999999994,293.15,0
54,0.1,0.035,293.15,0
55,0.1,0.037500000000000006,293.15,0
56,0.1,0.04,293.15,0
57,0.1,0.0425,293.15,0
58,0.1,0.045,293.15,0
59,0.1,0.0475,293.15,0
60,0.1,0.05,293.15,0
61,0.1,0.052500000000000005,293.15,0
62,0.1,0.05499999999999999,293.15,0
63,0.1,0.057499999999999996,293.15,0
64,0.1,0.06,293.15,0
65,0.0975,0.06,294.1035923145298,0.0029930338735143437
66,0.095,0.06,295.0537364026073,0.005998023257333974
67,0.0925,0.06,296.0041765068471,0.009026911822401729
68,0.09,0.06,296.95921104964543,0.01209058072737806
69,0.0875,0.06,302.79415099459584,0.03299799930822025
70,0.08499999999999999,0.06,308.34020920349565,0.05427975307935052
71,0.0825,0.06,313.6077749666454,0.07601501903379011
72,0.08,0.06,318.59944185285633,0.09827670420759405
73,0.0775,0.06,323.30958613060074,0.12112374170767005
74,0.075,0.06,327.7238483863128,0.14459190260322397
75,0.0725,0.06,331.8195459600655,0.16868431303561424
76,0.06999999999999999,0.06,335.5674866106632,0.1933644157805831
77,0.06749999999999999,0.06,338.93529768708026,0.2185547518431625
78,0.06499999999999999,0.06,341.8918007904405,0.2441441703244729
79,0.0625,0.06,344.4113493623597,0.27000359107735367
80,0.05999999999999999,0.06,346.47680430804394,0.29600708752602056
81,0.057499999999999996,0.06,348.08019673665626,0.3220525017642442
82,0.05499999999999999,0.06,349.2209902684829,0.34807559028432083
83,0.05249999999999999,0.06,349.9027412637901,0.3740539153669304
84,0.05,0.06,350.12943628759956,0.39999999999953867
85,0.04749999999999999,0.06,349.9027412638013,0.42594608463215233
86,0.045,0.06,349.2209902685047,0.45192440971477676
87,0.042499999999999996,0.06,348.0801967366883,0.47794749823487714
88,0.039999999999999994,0.06,346.47680430808504,0.5039929124731338
89,0.037500000000000006,0.06,344.41134936240826,0.5299964089218415
90,0.034999999999999996,0.06,341.89180079049584,0.5558558296747718
91,0.032499999999999994,0.06,338.9352976871421,0.5814452481561384
92,0.029999999999999995,0.06,335.5674866107292,0.6066355842187791
93,0.027499999999999993,0.06,331.81954596013315,0.6313156869638155
94,0.025,0.06,327.72384838637873,0.6554080973962758
95,0.0225,0.06,323.3095861306624,0.6788762582919031
96,0.019999999999999997,0.06,318.5994418529119,0.7017232957920534
97,0.017499999999999995,0.06,313.607774966693,0.7239849809659331
98,0.015000000000000003,0.06,308.34020920353356,0.745720246920449
99,0.0125,0.06,302.7941509946215,0.7670020006916544
100,0.009999999999999998,0.06,296.9592110496565,0.7879094192725719
101,0.007499999999999996,0.06,296.0041765068545,0.7909730881775602
102,0.0050000000000000044,0.06,295.0537364026125,0.7940019767426397
103,0.0025000000000000022,0.06,294.1035923145322,0.797006966126473
104,0,0.06,293.15,0.8
105,0,0.057499999999999996,293.15,0.8
106,0,0.05499999999999999,293.15,0.8
107,0,0.052500000000000005,293.15,0.8
108,0,0.05,293.15,0.8
109,0,0.0475,293.15,0.8
110,0,0.045,293.15,0.8
111,0,0.042499999999999996,293.15,0.8
112,0,0.04000000000000001,293.15,0.8
113,0,0.037500000000000006,293.15,0.8
114,0,0.034999999999999996,293.15,0.8
115,0,0.0325,293.15,0.8
116,0,0.03,293.15,0.8
117,0,0.027500000000000004,293.15,0.8
118,0,0.024999999999999994,293.15,0.8
119,0,0.0225,293.15,0.8
120,0,0.020000000000000004,293.15,0.8
121,0,0.017499999999999998,293.15,0.8
122,0,0.015000000000000003,293.15,0.8
123,0,0.0125,293.15,0.8
124,0,0.009999999999999998,293.15,0.8
125,0,0.007499999999999996,293.15,0.8
126,0,0.0050000000000000044,293.15,0.8
127,0,0.0025000000000000022,293.15,0.8
128,0.01,0.0025,296.95070195762383,0.7879319677959291
129,0.01,0.005,296.9287894583046,0.7880069229046155
130,0.01,0.0075,296.89092662305774,0.7881314839063484
131,0.01,0.01,296.8359023648919,0.7882985848921654
132,0.01,0.0125,296.77276354012184,0.7885143917739746
133,0.01,0.015,296.6953265037543,0.7887622668877691
134,0.01,0.0175,296.61135451321735,0.7890349325056156
135,0.01,0.02,296.5265691343519,0.7893111497393114
136,0.01,0.0225,296.44457593614163,0.7895688728435883
137,0.01,0.025,296.3820081515579,0.7897795022079699
138,0.01,0.027499999999999997,296.33800710996155,0.7899202262025995
139,0.01,0.03,296.3221556942048,0.7899691355966704
140,0.01,0.032499999999999994,296.33733519962107,0.7899208389601979
141,0.01,0.035,296.3809335840957,0.7897808911905446
142,0.01,0.037500000000000006,296.4468418995109,0.7895698826076837
143,0.01,0.04,296.52397058594397,0.7893113914022929
144,0.01,0.0425,296.6117573541723,0.7890357853481499
145,0.01,0.045,296.69524152484405,0.7887638697462035
146,0.01,0.0475,296.77140309145,0.7885138824855085
147,0.01,0.05,296.83714926280294,0.7883005096162882
148,0.01,0.052500000000000005,296.8904816724788,0.7881304075111721
149,0.01,0.05499999999999999,296.9288078480318,0.7880085786896317
150,0.01,0.057499999999999996,296.94909059215576,0.7879308570028257
151,0.09,0.057499999999999996,296.9490905921452,0.01206914299712395
152,0.09,0.05499999999999999,296.92880784802105,0.01199142131031835
153,0.09,0.052500000000000005,296.89048167246744,0.011869592488778342
154,0.09,0.05,296.8371492627913,0.011699490383663393
155,0.09,0.0475,296.771403091438,0.011486117514443082
156,0.09,0.045,296.6952415248323,0.011236130253748583
157,0.09,0.042499999999999996,296.6117573541612,0.010964214651802988
158,0.09,0.04000000000000001,296.523970585933,0.010688608597660588
159,0.09,0.037500000000000006,296.4468418995002,0.010430117392269716
160,0.09,0.034999999999999996,296.38093358408526,0.010219108809408316
161,0.09,0.0325,296.3373351996117,0.0100791610397543
162,0.09,0.03,296.3221556941949,0.0100308644032815
163,0.09,0.027500000000000004,296.3380071099523,0.01007977379735162
164,0.09,0.024999999999999994,296.3820081515482,0.010220497791979087
165,0.09,0.0225,296.4445759361317,0.010431127156358163
166,0.09,0.020000000000000004,296.5265691343415,0.01068885026062852
167,0.09,0.017499999999999998,296.61135451320627,0.010965067494314817
168,0.09,0.015000000000000003,296.69532650374515,0.011237733112150181
169,0.09,0.0125,296.7727635401178,0.011485608225936568
170,0.09,0.009999999999999998,296.8359023648656,0.011701415107742055
171,0.09,0.007499999999999996,296.89092662301886,0.011868516093564086
172,0.09,0.0050000000000000044,296.9287894579839,0.01199307709529854
173,0.09,0.0025000000000000022,296.9507019583308,0.012068032203987708
174,0.044000000000000004,0.03,350.0696900760419,0.41527489041948684
175,0.04369333243660162,0.03232937140592269,350.02128211293655,0.4193098819115483
176,0.042794228634059954,0.034499999999999996,349.79234437492863,0.43200121222800886
177,0.04136396103067893,0.036363961030678925,349.1389529565869,0.4538148878779434
178,0.03950000000000001,0.03779422863405995,347.77620951746377,0.48336058372665663
179,0.03732937140592269,0.03869333243660161,345.2827242513568,0.5193086351984274
180,0.035,0.039,341.51354436823704,0.5588803073192808
181,0.032670628594077315,0.03869333243660161,336.6499484643864,0.5986161257215284
182,0.030500000000000006,0.03779422863405995,331.1687408505869,0.6352132605496094
183,0.028636038969321077,0.036363961030678925,325.75906491802635,0.6659642592705425
184,0.027205771365940053,0.034499999999999996,321.11959687948814,0.6896919322853698
185,0.02630666756339839,0.03232937140592269,318.0379526335747,0.7043073895832644
186,0.026000000000000002,0.03,316.96943852088197,0.7091837944746804
187,0.02630666756339839,0.027670628594077307,318.12428837928496,0.7039051603245571
188,0.027205771365940053,0.025500000000000002,321.14802557331865,0.6895596210479735
189,0.02863603896932107,0.023636038969321073,325.7025845265928,0.6663595138712726
190,0.0305,0.02220577136594005,331.1878441565048,0.6349987645871419
191,0.032670628594077315,0.021306667563398385,336.6658238434883,0.5983960014705009
192,0.035,0.020999999999999998,341.53243434638307,0.5589025642502156
193,0.037329371405922684,0.02130666756339838,345.2521938075234,0.519514104004752
194,0.03950000000000001,0.02220577136594005,347.7534295854608,0.4835132486736782
195,0.04136396103067893,0.02363603896932107,349.1682683531699,0.4534368477447651
196,0.04279422863405995,0.025499999999999995,349.7902042919182,0.4321339847154945
197,0.04369333243660162,0.027670628594077304,350.0153336268076,0.4196933917755542
198,0.07400000000000001,0.03,316.9694385208262,0.09081620552492199
199,0.07369333243660162,0.03232937140592269,318.0379526335194,0.09569261041633925
200,0.07279422863405995,0.034499999999999996,321.1195968794293,0.11030806771420032
201,0.07136396103067894,0.036363961030678925,325.7590649179623,0.13403574072896474
202,0.0695,0.03779422863405995,331.1687408505199,0.16478673944981517
203,0.06732937140592268,0.03869333243660161,336.64994846431966,0.20138387427779922
204,0.065,0.039,341.5135443681753,0.2411196926799493
205,0.06267062859407732,0.03869333243660161,345.2827242513041,0.28069136480071244
206,0.0605,0.03779422863405995,347.7762095174243,0.3166394162724057
207,0.05863603896932107,0.036363961030678925,349.13895295656073,0.3461851121210534
208,0.05720577136594005,0.034499999999999996,349.7923443749115,0.36799878777093326
209,0.05630666756339839,0.03232937140592269,350.02128211292626,0.3806901180873538
210,0.055999999999999994,0.03,350.06969007603374,0.38472510957938905
211,0.05630666756339839,0.027670628594077307,350.01533362679737,0.3803066082233114
212,0.05720577136594005,0.025500000000000002,349.7902042919005,0.36786601528337476
213,0.05863603896932107,0.023636038969321073,349.1682683531353,0.34656315225411877
214,0.0605,0.02220577136594005,347.75342958540944,0.3164867513252466
215,0.06267062859407732,0.021306667563398385,345.25219380745864,0.28048589599424384
216,0.065,0.020999999999999998,341.53243434630906,0.2410974357489177
217,0.06732937140592268,0.02130666756339838,336.6658238434086,0.20160399852870345
218,0.0695,0.02220577136594005,331.1878441564266,0.1650012354121732
219,0.07136396103067894,0.02363603896932107,325.70258452651916,0.13364048612812604
220,0.07279422863405995,0.025499999999999995,321.14802557325316,0.11044037895152317
221,0.07369333243660162,0.027670628594077304,318.1242883792252,0.09609483967500718
222,0.00125,0.00108253175,293.6271891796711,0.7985047142147321
223,0.00375,0.00108253175,294.5784811924143,0.7955085285168242
224,0.00625,0.00108253175,295.5280886731179,0.7924943377386675
225,0.008749999999999999,0.00108253175,296.4797960388707,0.7894498290080388
226,0.01125,0.00108253175,299.903208873235,0.7774983478937609
227,0.013749999999999998,0.00108253175,305.59613499443367,0.7564294516810613
228,0.016249999999999997,0.00108253175,311.0017473408509,0.7349398290341963
229,0.01875,0.00108253175,316.1307358269671,0.7129572152970229
230,0.021249999999999998,0.00108253175,320.9825422638903,0.6904147019264304
231,0.023749999999999997,0.00108253175,325.5473909988216,0.6672628348728172
232,0.026249999999999996,0.00108253175,329.80666506599323,0.6434801059492191
233,0.028749999999999998,0.00108253175,333.7340038609665,0.619082070987407
234,0.03125,0.00108253175,337.29788432109996,0.5941262931231699
235,0.03375,0.00108253175,340.465616014537,0.5687097719740599
236,0.036250000000000004,0.00108253175,343.2079614297026,0.5429571135709355
237,0.03875000000000001,0.00108253175,345.50306636669507,0.5170009601136502
238,0.04125000000000001,0.00108253175,347.33842106699717,0.4909596150994655
239,0.04375000000000001,0.00108253175,348.71025993421546,0.4649184164582287
240,0.04625000000000001,0.00108253175,349.6207997659651,0.4389202316522852
241,0.048750000000000016,0.00108253175,350.0744649509856,0.41296723689426873
242,0.05125000000000002,0.00108253175,350.0744649481035,0.3870327631043122
243,0.05375000000000002,0.00108253175,349.62079975789356,0.3610797683463469
244,0.05625000000000002,0.00108253175,348.71025992248116,0.335081583540497
245,0.058750000000000024,0.00108253175,347.33842105369274,0.30904038489938634
246,0.06125000000000003,0.00108253175,345.5030663541214,0.2829990398853464
247,0.06375000000000003,0.00108253175,343.2079614199946,0.25704288642821116
248,0.06625000000000003,0.00108253175,340.46561600920256,0.23129022802522628
249,0.06875000000000003,0.00108253175,337.2978843207272,0.20587370687623413
250,0.07125000000000004,0.00108253175,333.73400386527237,0.18091792901208953
251,0.07375000000000004,0.00108253175,329.8066650740341,0.1565198940503754
252,0.07625000000000004,0.00108253175,325.5473910091498,0.13273716512684314
253,0.07875000000000004,0.00108253175,320.9825422747796,0.10958529807329168
254,0.08125000000000004,0.00108253175,316.1307358367709,0.08704278470274888
255,0.08375000000000005,0.00108253175,311.00174734827044,0.06506017096561
256,0.08625000000000005,0.00108253175,305.59613499857556,0.04357054831875649
257,0.08875000000000005,0.00108253175,299.90320887347633,0.02250165210612053
258,0.09125000000000005,0.00108253175,296.4797960375896,0.010550170991873713
259,0.09375000000000006,0.00108253175,295.5280886721548,0.007505662261263042
260,0.09625000000000006,0.00108253175,294.57848119179585,0.0044914714831301395
261,0.09875000000000006,0.00108253175,293.627189179491,0.0014952857852492663
262,0.0025,0.0032475952499999997,294.10059378262076,0.7970171926962781
263,0.005,0.0032475952499999997,295.04766289422554,0.7940223745255968
264,0.0075,0.0032475952499999997,295.99495673984165,0.7910042225887673
265,0.012499999999999999,0.0032475952499999997,302.7648561952733,0.7671256138969119
266,0.015,0.0032475952499999997,308.29067209630205,0.7459150437337663
267,0.017499999999999998,0.0032475952499999997,313.5453905853117,0.7242495878454152
268,0.02,0.0032475952499999997,318.5294580072831,0.7020467143295741
269,0.0225,0.0032475952499999997,323.237862919436,0.6792394963710542
270,0.024999999999999998,0.0032475952499999997,327.65667025543934,0.655783962856257
271,0.027499999999999997,0.0032475952499999997,331.7627495448715,0.6316706876415544
272,0.03,0.0032475952499999997,335.5252819839934,0.6069349083439237
273,0.0325,0.0032475952499999997,338.9092197461562,0.5816602971285846
274,0.035,0.0032475952499999997,341.8803246554734,0.5559720649905052
275,0.037500000000000006,0.0032475952499999997,344.4104927430517,0.5300182581329635
276,0.04000000000000001,0.0032475952499999997,346.48154909490523,0.5039432450753092
277,0.04250000000000001,0.0032475952499999997,348.0861280319864,0.47786152081887373
278,0.04500000000000001,0.0032475952499999997,349.22547342127666,0.4518402398657009
279,0.047500000000000014,0.0032475952499999997,349.90525680578577,0.42589519568735457
280,0.05000000000000002,0.0032475952499999997,350.13109453078687,0.39999999999938496
281,0.05250000000000002,0.0032475952499999997,349.90525680759305,0.37410480431142745
282,0.05500000000000002,0.0032475952499999997,349.22547342452697,0.3481597601331144
283,0.05750000000000002,0.0032475952499999997,348.0861280360777,0.32213847917999744
284,0.060000000000000026,0.0032475952499999997,346.4815490991181,0.29605675492363426
285,0.06250000000000003,0.0032475952499999997,344.4104927466504,0.2699817418660632
286,0.06500000000000003,0.0032475952499999997,341.8803246578451,0.24402793500860637
287,0.06750000000000003,0.0032475952499999997,338.9092197469629,0.21833970287060733
288,0.07000000000000003,0.0032475952499999997,335.5252819832077,0.1930650916553446
289,0.07250000000000004,0.0032475952499999997,331.7627495427059,0.16832931235780654
290,0.07500000000000004,0.0032475952499999997,327.65667025228515,0.14421603714322143
291,0.07750000000000004,0.0032475952499999997,323.23786291582644,0.1207605036285569
292,0.08000000000000004,0.0032475952499999997,318.5294580037923,0.09795328567015098
293,0.08250000000000005,0.0032475952499999997,313.5453905824166,0.0757504121543841
294,0.08500000000000005,0.0032475952499999997,308.29067209437574,0.05408495626608147
295,0.08750000000000005,0.0032475952499999997,302.7648561944567,0.032874386102968535
296,0.09250000000000005,0.0032475952499999997,295.99495674006977,0.00899577741115372
297,0.09500000000000006,0.0032475952499999997,295.0476628945135,0.005977625474343168
298,0.09750000000000006,0.0032475952499999997,294.1005937827333,0.0029828073036855165
299,0.00125,0.0054126587499999995,293.62305887008125,0.7985175628509299
300,0.00375,0.0054126587499999995,294.56596087904774,0.7955482803559764
301,0.00625,0.0054126587499999995,295.5070625359144,0.7925616857060849
302,0.008749999999999999,0.0054126587499999995,296.4500477553828,0.7895460281207329
303,0.01125,0.0054126587499999995,299.8398223201044,0.7777081488509096
304,0.013749999999999998,0.0054126587499999995,305.4847707264091,0.7568499405737789
305,0.016249999999999997,0.0054126587499999995,310.8498513912756,0.7355596085575247
306,0.01875,0.0054126587499999995,315.95019209296106,0.7137556067688201
307,0.021249999999999998,0.0054126587499999995,320.7878649117213,0.6913522861756193
308,0.023749999999999997,0.0054126587499999995,325.3552663094444,0.6682775817000958
309,0.026249999999999996,0.0054126587499999995,329.63419690741716,0.6444882129932041
310,0.028749999999999998,0.0054126587499999995,333.5957416403452,0.619986767996118
311,0.03125,0.0054126587499999995,337.20241422732585,0.5948356782502338
312,0.03375,0.0054126587499999995,340.4131921830151,0.5691600001323298
313,0.036250000000000004,0.0054126587499999995,343.19063987951284,0.5431323691576923
314,0.03875000000000001,0.0054126587499999995,345.5077068839142,0.5169406629832425
315,0.04125000000000001,0.0054126587499999995,347.3513422197444,0.49074839728987074
316,0.04375000000000001,0.0054126587499999995,348.72146164585973,0.4646625821677632
317,0.04625000000000001,0.0054126587499999995,349.6261164647132,0.4387197785404325
318,0.048750000000000016,0.0054126587499999995,350.0752240755098,0.41289209837838337
319,0.05125000000000002,0.0054126587499999995,350.0752240751941,0.3871079016203547
320,0.05375000000000002,0.0054126587499999995,349.6261164638316,0.36128022145833516
321,0.05625000000000002,0.0054126587499999995,348.7214616445814,0.3353374178310599
322,0.058750000000000024,0.0054126587499999995,347.35134221829003,0.30925160270902874
323,0.06125000000000003,0.0054126587499999995,345.5077068825253,0.2830593370157481
324,0.06375000000000003,0.0054126587499999995,343.1906398784234,0.2568676308413952
325,0.06625000000000003,0.0054126587499999995,340.4131921823898,0.23083999986685189
326,0.06875000000000003,0.0054126587499999995,337.2024142272227,0.20516432174903665
327,0.07125000000000004,0.0054126587499999995,333.5957416407295,0.18001323200324318
328,0.07375000000000004,0.0054126587499999995,329.6341969081941,0.155511787006262
329,0.07625000000000004,0.0054126587499999995,325.3552663104672,0.13172241829947123
330,0.07875000000000004,0.0054126587499999995,320.78786491280283,0.10864771382405121
331,0.08125000000000004,0.0054126587499999995,315.95019209393087,0.0862443932309402
332,0.08375000000000005,0.0054126587499999995,310.8498513920093,0.06444039144229806
333,0.08625000000000005,0.0054126587499999995,305.48477072677144,0.04315005942608087
334,0.08875000000000005,0.0054126587499999995,299.83982232037255,0.02229185114898902
335,0.09125000000000005,0.0054126587499999995,296.4500477555319,0.010453971879189963
336,0.09375000000000006,0.0054126587499999995,295.50706253577255,0.007438314293847842
337,0.09625000000000006,0.0054126587499999995,294.5659608789799,0.0044517196439774614
338,0.09875000000000006,0.0054126587499999995,293.62305887006727,0.0014824371490541938
339,0.0025,0.007577722249999999,294.0867537170148,0.7970605156455085
340,0.005,0.007577722249999999,295.02000244544524,0.7941103510813816
341,0.0075,0.007577722249999999,295.95294575320133,0.7911388571048865
342,0.012499999999999999,0.007577722249999999,302.6114326735996,0.7676545098669924
343,0.015,0.007577722249999999,308.0647224596623,0.7467974210872812
344,0.017499999999999998,0.007577722249999999,313.2591265044406,0.7254634812748915
345,0.02,0.007577722249999999,318.20367522372993,0.7035467112554045
346,0.0225,0.007577722249999999,322.89896347402123,0.6809432489652755
347,0.024999999999999998,0.007577722249999999,327.33470977003975,0.6575655723744698
348,0.027499999999999997,0.007577722249999999,331.4873185687878,0.6333657884144034
349,0.03,0.007577722249999999,335.31921026946503,0.6083637635856693
350,0.0325,0.007577722249999999,338.78215360092975,0.5826687122949169
351,0.035,0.007577722249999999,341.8255761285679,0.5564780809107142
352,0.037500000000000006,0.007577722249999999,344.40772337783307,0.5300433281961525
353,0.04000000000000001,0.007577722249999999,346.50464383530925,0.5036101721804433
354,0.04250000000000001,0.007577722249999999,348.1124212459665,0.4773584539522947
355,0.04500000000000001,0.007577722249999999,349.24205755380615,0.4513672562944034
356,0.047500000000000014,0.007577722249999999,349.9104033832657,0.42561413816598725
357,0.05000000000000002,0.007577722249999999,350.13141767783634,0.39999999999937247
358,0.05250000000000002,0.007577722249999999,349.91040338344277,0.374385861832772
359,0.05500000000000002,0.007577722249999999,349.24205755411793,0.34863274370439784
360,0.05750000000000002,0.007577722249999999,348.1124212463517,0.32264154604657336
361,0.060000000000000026,0.007577722249999999,346.504643835697,0.2963898278185076
362,0.06250000000000003,0.007577722249999999,344.40772337814775,0.269956671802891
363,0.06500000000000003,0.007577722249999999,341.82557612874473,0.24352191908842263
364,0.06750000000000003,0.007577722249999999,338.7821536009367,0.21733128770430832
365,0.07000000000000003,0.007577722249999999,335.31921026930644,0.19163623641363933
366,0.07250000000000004,0.007577722249999999,331.48731856848616,0.16663421158499825
367,0.07500000000000004,0.007577722249999999,327.3347097696376,0.1424344276250329
368,0.07750000000000004,0.007577722249999999,322.8989634735767,0.11905675103432595
369,0.08000000000000004,0.007577722249999999,318.20367522330827,0.0964532887443013
370,0.08250000000000005,0.007577722249999999,313.25912650408964,0.07453651872488513
371,0.08500000000000005,0.007577722249999999,308.0647224594409,0.053202578912560944
372,0.08750000000000005,0.007577722249999999,302.6114326734637,0.032345490132887046
373,0.09250000000000005,0.007577722249999999,295.95294575318474,0.008861142895038383
374,0.09500000000000006,0.007577722249999999,295.02000244548566,0.005889648918561612
375,0.09750000000000006,0.007577722249999999,294.086753717021,0.002939484354459499
376,0.00125,0.00974278575,293.6135826273902,0.7985482438314802
377,0.00375,0.00974278575,294.5376894735681,0.7956381019517375
378,0.00625,0.00974278575,295.45908953464806,0.7927146649876011
379,0.008749999999999999,0.00974278575,296.38107734497,0.7897649764775752
380,0.01125,0.00974278575,299.7015857632311,0.7782306846748094
381,0.013749999999999998,0.00974278575,305.21797089244455,0.7578600638626372
382,0.016249999999999997,0.00974278575,310.4791798822633,0.7370698325668286
383,0.01875,0.00974278575,315.5009834364846,0.7157352646507109
384,0.021249999999999998,0.00974278575,320.2930156236047,0.6937232026159009
385,0.023749999999999997,0.00974278575,324.8562134411573,0.6708959117258257
386,0.026249999999999996,0.00974278575,329.1779298200872,0.6471345601716314
387,0.028749999999999998,0.00974278575,333.2268130106064,0.6223808133548786
388,0.03125,0.00974278575,336.95106356214393,0.5966877196934741
389,0.03375,0.00974278575,340.28464232338666,0.5702539390387428
390,0.036250000000000004,0.00974278575,343.1626891956039,0.5434070311215435
391,0.03875000000000001,0.00974278575,345.5400276389718,0.5165229258458566
392,0.04125000000000001,0.00974278575,347.4019305926973,0.4899148215941188
393,0.04375000000000001,0.00974278575,348.76103697528873,0.46375088325941394
394,0.04625000000000001,0.00974278575,349.64422595842325,0.438035070626687
395,0.048750000000000016,0.00974278575,350.077977849519,0.41263994253702546
396,0.05125000000000002,0.00974278575,350.077977849477,0.3873600574616932
397,0.05375000000000002,0.00974278575,349.64422595830445,0.3619649293720657
398,0.05625000000000002,0.00974278575,348.76103697511434,0.3362491167394025
399,0.058750000000000024,0.00974278575,347.4019305924919,0.31008517840478583
400,0.06125000000000003,0.00974278575,345.54002763876264,0.2834770741531505
401,0.06375000000000003,0.00974278575,343.162689195419,0.25659296887757194
402,0.06625000000000003,0.00974278575,340.2846423232485,0.22974606096047417
403,0.06875000000000003,0.00974278575,336.9510635620605,0.20331228030583176
404,0.07125000000000004,0.00974278575,333.2268130105741,0.1776191866445084
405,0.07375000000000004,0.00974278575,329.17792982009854,0.15286543982784312
406,0.07625000000000004,0.00974278575,324.8562134411996,0.12910408827373326
407,0.07875000000000004,0.00974278575,320.2930156236581,0.10627679738374138
408,0.08125000000000004,0.00974278575,315.5009834365352,0.0842647353490157
409,0.08375000000000005,0.00974278575,310.4791798822947,0.06293016743296304
410,0.08625000000000005,0.00974278575,305.21797089245786,0.04213993613720291
411,0.08875000000000005,0.00974278575,299.70158576323945,0.021769315325079107
412,0.09125000000000005,0.00974278575,296.3810773449772,0.010235023522339296
413,0.09375000000000006,0.00974278575,295.4590895346327,0.007285335012330593
414,0.09625000000000006,0.00974278575,294.5376894735537,0.004361898048218669
415,0.09875000000000006,0.00974278575,293.6135826273891,0.0014517561685050662
416,0.0025,0.01190784925,294.0637715522703,0.7971334807474766
417,0.005,0.01190784925,294.97273464695286,0.7942613554204154
418,0.0075,0.01190784925,295.8797401635023,0.7913743479310722
419,0.012499999999999999,0.01190784925,302.3437535644396,0.7686294932748157
420,0.015,0.01190784925,307.64207013099707,0.7484536849461262
421,0.017499999999999998,0.01190784925,312.70723425886126,0.7277946781851012
422,0.02,0.01190784925,317.556202841539,0.7065072836444544
423,0.0225,0.01190784925,322.2028573490761,0.6844107583243184
424,0.024999999999999998,0.01190784925,326.65169673279996,0.6613040476477032
425,0.027499999999999997,0.01190784925,330.8883650773665,0.6370087186302015
426,0.03,0.01190784925,334.86902198627445,0.6114497252737571
427,0.0325,0.01190784925,338.5167900378017,0.5847537086308962
428,0.035,0.01190784925,341.7355081398078,0.557300126888014
429,0.037500000000000006,0.01190784925,344.44092154010514,0.5296503797142222
430,0.04000000000000001,0.01190784925,346.59118135046106,0.5023574495154244
431,0.04250000000000001,0.01190784925,348.19421854018043,0.4757739514361894
432,0.04500000000000001,0.01190784925,349.29000414433136,0.4499773452751528
433,0.047500000000000014,0.01190784925,349.9248399681782,0.42481565888612727
434,0.05000000000000002,0.01190784925,350.13244036923743,0.3999999999993426
435,0.05250000000000002,0.01190784925,349.92483996818066,0.3751843411125785
436,0.05500000000000002,0.01190784925,349.2900041443328,0.35002265472361055
437,0.05750000000000002,0.01190784925,348.19421854017475,0.324226048562663
438,0.060000000000000026,0.01190784925,346.59118135044434,0.29764255048353616
439,0.06250000000000003,0.01190784925,344.4409215400722,0.2703496202848551
440,0.06500000000000003,0.01190784925,341.73550813975413,0.24269987311117866
441,0.06750000000000003,0.01190784925,338.5167900377284,0.2152462913683987
442,0.07000000000000003,0.01190784925,334.869021986184,0.1885502747256239
443,0.07250000000000004,0.01190784925,330.8883650772638,0.16299128136925398
444,0.07500000000000004,0.01190784925,326.6516967326906,0.1386959523518283
445,0.07750000000000004,0.01190784925,322.20285734896714,0.11558924167528176
446,0.08000000000000004,0.01190784925,317.5562028414396,0.09349271635521285
447,0.08250000000000005,0.01190784925,312.70723425878,0.07220532181463801
448,0.08500000000000005,0.01190784925,307.6420701309381,0.05154631505367364
449,0.08750000000000005,0.01190784925,302.343753564399,0.03137050672504055
450,0.09250000000000005,0.01190784925,295.8797401634901,0.0086256520688522
451,0.09500000000000006,0.01190784925,294.9727346469522,0.005738644579531394
452,0.09750000000000006,0.01190784925,294.0637715522691,0.002866519252495685
453,0.00125,0.01407291275,293.60011530637104,0.7985903027704887
454,0.00375,0.01407291275,294.4968752239872,0.7957682196113106
455,0.00625,0.01407291275,295.38928505836293,0.7929393174953405
456,0.008749999999999999,0.01407291275,296.2797459499707,0.7900959806615321
457,0.01125,0.01407291275,299.46842844817485,0.7790112846598557
458,0.013749999999999998,0.01407291275,304.7858616065271,0.7594866184988207
459,0.016249999999999997,0.01407291275,309.8618668017014,0.7395724658973208
460,0.01875,0.01407291275,314.7247438363292,0.719128064379636
461,0.021249999999999998,0.01407291275,319.39966571087797,0.6979548253454991
462,0.023749999999999997,0.01407291275,323.91106095458713,0.6757845287661358
463,0.026249999999999996,0.01407291275,328.27333711564876,0.6522963606638578
464,0.028749999999999998,0.01407291275,332.4721153592926,0.6271968848297117
465,0.03125,0.01407291275,336.44095481478087,0.6003908210128316
466,0.03375,0.01407291275,340.05538747487606,0.5721814434567686
467,0.036250000000000004,0.01407291275,343.16761654257203,0.5433292997320318
468,0.03875000000000001,0.01407291275,345.673218129042,0.5148029702927316
469,0.04125000000000001,0.01407291275,347.5554277909637,0.4873422155310168
470,0.04375000000000001,0.01407291275,348.8686894297558,0.46120546763852754
471,0.04625000000000001,0.01407291275,349.69068353402344,0.4362237663064642
472,0.048750000000000016,0.01407291275,350.08493221728736,0.4119896456390358
473,0.05125000000000002,0.01407291275,350.08493221727485,0.3880103543596281
474,0.05375000000000002,0.01407291275,349.6906835339878,0.3637762336922423
475,0.05625000000000002,0.01407291275,348.8686894297,0.3387945323602598
476,0.058750000000000024,0.01407291275,347.555427790891,0.31265778446788106
477,0.06125000000000003,0.01407291275,345.67321812895915,0.2851970297062938
478,0.06375000000000003,0.01407291275,343.1676165424845,0.25667070026712435
479,0.06625000000000003,0.01407291275,340.05538747479005,0.22781855654250935
480,0.06875000000000003,0.01407291275,336.4409548146999,0.1996091789865466
481,0.07125000000000004,0.01407291275,332.4721153592173,0.17280311516973912
482,0.07375000000000004,0.01407291275,328.273337115581,0.14770363933564964
483,0.07625000000000004,0.01407291275,323.9110609545268,0.12421547123342634
484,0.07875000000000004,0.01407291275,319.39966571082516,0.10204517465411368
485,0.08125000000000004,0.01407291275,314.724743836284,0.08087193562002841
486,0.08375000000000005,0.01407291275,309.8618668016635,0.060427534102407955
487,0.08625000000000005,0.01407291275,304.78586160650013,0.040513381500979426
488,0.08875000000000005,0.01407291275,299.46842844815495,0.02098871534001827
489,0.09125000000000005,0.01407291275,296.2797459499592,0.009904019338390975
490,0.09375000000000006,0.01407291275,295.3892850583565,0.007060682504601491
491,0.09625000000000006,0.01407291275,294.4968752239813,0.0042317803886533075
492,0.09875000000000006,0.01407291275,293.6001153063698,0.001409697229499543
493,0.0025,0.01623797625,294.03386453712784,0.7972287600965822
494,0.005,0.01623797625,294.9118968578353,0.7944561008923859
495,0.0075,0.01623797625,295.785048115044,0.7916799010379963
496,0.012499999999999999,0.01623797625,301.9574060527499,0.7700466500367328
497,0.015,0.01623797625,307.0134177089309,0.7509053733519988
498,0.017499999999999998,0.01623797625,311.8522268186171,0.7313738049052505
499,0.02,0.01623797625,316.4993675527646,0.7112770211790753
500,0.0225,0.01623797625,320.9933406793792,0.690332902569355
501,0.024999999999999998,0.01623797625,325.38073582085417,0.6681156475220842
502,0.027499999999999997,0.01623797625,329.69989878232747,0.6440693858453289
503,0.03,0.01623797625,333.9415374828644,0.6176641859100932
504,0.0325,0.01623797625,337.991715375827,0.5888050930505975
505,0.035,0.01623797625,341.62927916394585,0.5582424047601771
506,0.037500000000000006,0.01623797625,344.61870584677155,0.5275763220307118
507,0.04000000000000001,0.01623797625,346.8586988271982,0.4983941519952342
508,0.04250000000000001,0.01623797625,348.4112837399855,0.4714029152285595
509,0.04500000000000001,0.01623797625,349.4062710035367,0.44643895201441863
510,0.047500000000000014,0.01623797625,349.9581517782942,0.42287541625307606
511,0.05000000000000002,0.01623797625,350.1348638836668,0.3999999999993419
512,0.05250000000000002,0.01623797625,349.95815177827967,0.37712458374562796
513,0.05500000000000002,0.01623797625,349.4062710035077,0.35356104798434157
514,0.05750000000000002,0.01623797625,348.41128373994275,0.32859708477028793
515,0.060000000000000026,0.01623797625,346.85869882714275,0.3016058480037222
516,0.06250000000000003,0.01623797625,344.618705846705,0.2724236779683664
517,0.06500000000000003,0.01623797625,341.62927916387076,0.24175759523902451
518,0.06750000000000003,0.01623797625,337.9917153757476,0.21119490694871668
519,0.07000000000000003,0.01623797625,333.9415374827839,0.18233581408931301
520,0.07250000000000004,0.01623797625,329.6998987822467,0.1559306141541453
521,0.07500000000000004,0.01623797625,325.3807358207765,0.13188435247744176
522,0.07750000000000004,0.01623797625,320.9933406793069,0.10966709743022111
523,0.08000000000000004,0.01623797625,316.4993675527002,0.08872297882055329
524,0.08250000000000005,0.01623797625,311.8522268185643,0.06862619509443377
525,0.08500000000000005,0.01623797625,307.01341770888996,0.049094626647753985
526,0.08750000000000005,0.01623797625,301.9574060527229,0.02995334996310265
527,0.09250000000000005,0.01623797625,295.78504811503603,0.008320098961944819
528,0.09500000000000006,0.01623797625,294.9118968578296,0.005543899107573761
529,0.09750000000000006,0.01623797625,294.03386453712545,0.002771239903397726
530,0.00125,0.01840303975,293.58471083227806,0.798639016187995
531,0.00375,0.01840303975,294.44957103533176,0.795918822402672
532,0.00625,0.01840303975,295.3074838472671,0.7932015857538911
533,0.008749999999999999,0.01840303975,296.1577814588316,0.7904898079725993
534,0.01125,0.01840303975,299.1787373644509,0.7800162050833267
535,0.013749999999999998,0.01840303975,304.20936529471703,0.7616469209487581
536,0.016249999999999997,0.01840303975,309.0022759779444,0.7430250871310499
537,0.01875,0.01840303975,313.5807134840006,0.7240598759920256
538,0.021249999999999998,0.01840303975,317.9829295212489,0.7045381244983704
539,0.023749999999999997,0.01840303975,322.2732030082674,0.6840460029864787
540,0.026249999999999996,0.01840303975,326.54335989679373,0.661868753380246
541,0.028749999999999998,0.01840303975,330.8902282596081,0.6369586680728415
542,0.03125,0.01840303975,335.3277736017054,0.608233405310991
543,0.03375,0.01840303975,339.6161946597029,0.5757944314265572
544,0.036250000000000004,0.01840303975,343.3393702010516,0.5414841077502291
545,0.03875000000000001,0.01840303975,346.1100719016211,0.5089887834413267
546,0.04125000000000001,0.01840303975,347.96344024845945,0.4801052597809461
547,0.04375000000000001,0.01840303975,349.11870868029575,0.4548410942618704
548,0.04625000000000001,0.01840303975,349.7897509190456,0.43203434659777595
549,0.048750000000000016,0.01840303975,350.09926522679916,0.4105431792195957
550,0.05125000000000002,0.01840303975,350.0992652267914,0.3894568207791394
551,0.05375000000000002,0.01840303975,349.78975091902174,0.36796565340098925
552,0.05625000000000002,0.01840303975,349.1187086802579,0.34515890573695185
553,0.058750000000000024,0.01840303975,347.9634402484084,0.3198947402179548
554,0.06125000000000003,0.01840303975,346.1100719015561,0.2910112165576696
555,0.06375000000000003,0.01840303975,343.33937020097756,0.25851589224888
556,0.06625000000000003,0.01840303975,339.6161946596233,0.22420556857266444
557,0.06875000000000003,0.01840303975,335.32777360162527,0.19176659468833238
558,0.07125000000000004,0.01840303975,330.89022825953043,0.1630413319265715
559,0.07375000000000004,0.01840303975,326.54335989672006,0.13813124661923204
560,0.07625000000000004,0.01840303975,322.27320300819906,0.11595399701304965
561,0.07875000000000004,0.01840303975,317.9829295211876,0.09546187550120878
562,0.08125000000000004,0.01840303975,313.58071348394805,0.0759401240076133
563,0.08375000000000005,0.01840303975,309.002275977902,0.056974912868658675
564,0.08625000000000005,0.01840303975,304.20936529468565,0.03835307905103286
565,0.08875000000000005,0.01840303975,299.1787373644332,0.019983794916557353
566,0.09125000000000005,0.01840303975,296.15778145882246,0.00951019202734277
567,0.09375000000000006,0.01840303975,295.30748384726013,0.006798414246067133
568,0.09625000000000006,0.01840303975,294.4495710353276,0.004081177597302512
569,0.09875000000000006,0.01840303975,293.5847108322766,0.0013609838119968034
570,0.0025,0.02056810325,294.00260964442083,0.7973275159136083
571,0.005,0.02056810325,294.84797657216365,0.7946599552340264
572,0.0075,0.02056810325,295.68375389260524,0.7920049269626448
573,0.012499999999999999,0.02056810325,301.49083902341926,0.7717109021637176
574,0.015,0.02056810325,306.23502345537236,0.7539095159569035
575,0.017499999999999998,0.02056810325,310.7330215567547,0.7359960380412384
576,0.02,0.02056810325,315.00413517123457,0.7178941983681945
577,0.0225,0.02056810325,319.0985642912187,0.6993596028521978
578,0.024999999999999998,0.02056810325,323.1229089899446,0.6797849511576908
579,0.027499999999999997,0.02056810325,327.25734230237646,0.6579284659733745
580,0.03,0.02056810325,331.7544216032323,0.631631454889274
581,0.0325,0.02056810325,336.7339414261703,0.5981516944545701
582,0.037500000000000006,0.02056810325,345.27033078209996,0.5196927798268606
583,0.04000000000000001,0.02056810325,347.59950825835904,0.486480483250149
584,0.04250000000000001,0.02056810325,348.89867292222664,0.4604099015324428
585,0.04500000000000001,0.02056810325,349.63456073496474,0.43859426153154496
586,0.047500000000000014,0.02056810325,350.0186136218296,0.4188837001210818
587,0.05000000000000002,0.02056810325,350.1392993622048,0.39999999999939534
588,0.05250000000000002,0.02056810325,350.0186136218176,0.381116299877718
589,0.05500000000000002,0.02056810325,349.6345607349397,0.36140573846728247
590,0.05750000000000002,0.02056810325,348.8986729221893,0.3395900984664281
591,0.060000000000000026,0.02056810325,347.5995082583093,0.3135195167487801
592,0.06250000000000003,0.02056810325,345.2703307820363,0.2803072201721417
593,0.06750000000000003,0.02056810325,336.7339414260908,0.20184830554464678
594,0.07000000000000003,0.02056810325,331.7544216031534,0.168368545110061
595,0.07250000000000004,0.02056810325,327.2573423023005,0.1420715340260482
596,0.07500000000000004,0.02056810325,323.1229089898741,0.1202150488417988
597,0.07750000000000004,0.02056810325,319.0985642911541,0.1006403971473474
598,0.08000000000000004,0.02056810325,315.0041351711769,0.08210580163140892
599,0.08250000000000005,0.02056810325,310.7330215567072,0.06400396195843441
600,0.08500000000000005,0.02056810325,306.2350234553347,0.04609048404285009
601,0.08750000000000005,0.02056810325,301.4908390233946,0.028289097836127035
602,0.09250000000000005,0.02056810325,295.6837538925976,0.007995073037311654
603,0.09500000000000006,0.02056810325,294.84797657215813,0.005340044765944526
604,0.09750000000000006,0.02056810325,294.0026096444185,0.0026724840863770398
605,0.00125,0.022733166750000002,293.57076340277496,0.7986835967656398
606,0.00375,0.022733166750000002,294.40572333974796,0.7960582323912582
607,0.00625,0.022733166750000002,295.2301970522206,0.7934486486450398
608,0.008749999999999999,0.022733166750000002,296.03949008421796,0.7908689242560213
609,0.01125,0.022733166750000002,298.8884185712547,0.7810462179923254
610,0.013749999999999998,0.022733166750000002,303.5917346177731,0.7639475605920868
611,0.016249999999999997,0.022733166750000002,308.02965757903405,0.7468870534895102
612,0.01875,0.022733166750000002,312.1854659947802,0.7299665850960635
613,0.021249999999999998,0.022733166750000002,316.0645056688796,0.7132144993212167
614,0.023749999999999997,0.022733166750000002,319.71905355869205,0.6964398431726575
615,0.026249999999999996,0.022733166750000002,323.3208412593061,0.6787934233509002
616,0.028749999999999998,0.022733166750000002,327.1846617169634,0.6581891264605759
617,0.04125000000000001,0.022733166750000002,348.84854615622737,0.46113549326248343
618,0.04375000000000001,0.022733166750000002,349.56647035986487,0.4412297183865852
619,0.04625000000000001,0.022733166750000002,349.9448492933029,0.42413338755193436
620,0.048750000000000016,0.022733166750000002,350.12033949882203,0.4079836900861783
621,0.05125000000000002,0.022733166750000002,350.1203394988176,0.3920163099126618
622,0.05375000000000002,0.022733166750000002,349.9448492932879,0.3758666124469143
623,0.05625000000000002,0.022733166750000002,349.5664703598399,0.3587702816122807
624,0.058750000000000024,0.022733166750000002,348.84854615619355,0.338864506736408
625,0.07125000000000004,0.022733166750000002,327.1846617168893,0.1418108735388001
626,0.07375000000000004,0.022733166750000002,323.32084125923575,0.12120657664856116
627,0.07625000000000004,0.022733166750000002,319.7190535586276,0.10356015682687153
628,0.07875000000000004,0.022733166750000002,316.0645056688208,0.08678550067837752
629,0.08125000000000004,0.022733166750000002,312.1854659947293,0.07003341490359888
630,0.08375000000000005,0.022733166750000002,308.0296575789932,0.05311294651022559
631,0.08625000000000005,0.022733166750000002,303.5917346177422,0.03605243940773061
632,0.08875000000000005,0.022733166750000002,298.88841857123765,0.01895378200757784
633,0.09125000000000005,0.022733166750000002,296.0394900842092,0.009131075743932201
634,0.09375000000000006,0.022733166750000002,295.2301970522142,0.006551351354926116
635,0.09625000000000006,0.022733166750000002,294.40572333974427,0.003941767608721176
636,0.09875000000000006,0.022733166750000002,293.5707634027733,0.001316403234353494
637,0.0025,0.02489823025,293.97818957203833,0.797404914544921
638,0.005,0.02489823025,294.7963617100339,0.7948247630667269
639,0.0075,0.02489823025,295.59976080745724,0.7922750891762294
640,0.012499999999999999,0.02489823025,301.0794453970901,0.7731865550752958
641,0.015,0.02489823025,305.50285434981026,0.7567139761905752
642,0.017499999999999998,0.02489823025,309.60853197566394,0.7405723058664578
643,0.02,0.02489823025,313.3525202297291,0.7250321982864714
644,0.0225,0.02489823025,316.69528479915357,0.7103970021318717
645,0.024999999999999998,0.02489823025,319.6276340813053,0.6968765194164573
646,0.04500000000000001,0.02489823025,349.92848059927326,0.42523022266595945
647,0.047500000000000014,0.02489823025,350.08822273203856,0.41286482087135046
648,0.05000000000000002,0.02489823025,350.1440893347776,0.399999999999428
649,0.05250000000000002,0.02489823025,350.08822273203106,0.38713517912750794
650,0.05500000000000002,0.02489823025,349.9284805992579,0.3747697773329041
651,0.07500000000000004,0.02489823025,319.6276340812421,0.10312348058307147
652,0.07750000000000004,0.02489823025,316.6952847990949,0.0896029978677148
653,0.08000000000000004,0.02489823025,313.35252022967677,0.07496780171317897
654,0.08250000000000005,0.02489823025,309.6085319756196,0.059427694133261384
655,0.08500000000000005,0.02489823025,305.50285434977485,0.043286023809218234
656,0.08750000000000005,0.02489823025,301.07944539706693,0.026813444924574426
657,0.09250000000000005,0.02489823025,295.59976080744997,0.007724910823732033
658,0.09500000000000006,0.02489823025,294.79636171002903,0.005175236933246534
659,0.09750000000000006,0.02489823025,293.9781895720357,0.0025950854550654164
660,0.00125,0.027063293750000002,293.5609736674213,0.7987139903214907
661,0.00375,0.027063293750000002,294.37703061084676,0.7961496267309757
662,0.00625,0.027063293750000002,295.1793484778631,0.7936120671265952
663,0.008749999999999999,0.027063293750000002,295.9616172135717,0.7911226571810797
664,0.01125,0.027063293750000002,298.666685155214,0.781788176515075
665,0.013749999999999998,0.027063293750000002,303.1353218416838,0.7656376797534419
666,0.016249999999999997,0.027063293750000002,307.27672955156066,0.7498467601185506
667,0.01875,0.027063293750000002,311.0227368998948,0.7348020042854824
668,0.021249999999999998,0.027063293750000002,314.27445567865664,0.7210765544360063
669,0.023749999999999997,0.027063293750000002,316.87579921100763,0.70959205004158
670,0.04625000000000001,0.027063293750000002,350.07340741549086,0.4146669183588012
671,0.048750000000000016,0.027063293750000002,350.1366360726188,0.40517044130497404
672,0.05125000000000002,0.027063293750000002,350.13663607261515,0.394829558693888
673,0.05375000000000002,0.027063293750000002,350.0734074154828,0.38533308164006297
674,0.07625000000000004,0.027063293750000002,316.8757992109499,0.0904079499580093
675,0.07875000000000004,0.027063293750000002,314.2744556786031,0.07892344556363366
676,0.08125000000000004,0.027063293750000002,311.02273689984725,0.06519799571421797
677,0.08375000000000005,0.027063293750000002,307.27672955152127,0.05015323988121721
678,0.08625000000000005,0.027063293750000002,303.13532184165456,0.03436232024639721
679,0.08875000000000005,0.027063293750000002,298.66668515519774,0.018211823484838238
680,0.09125000000000005,0.027063293750000002,295.9616172135635,0.008877342818876428
681,0.09375000000000006,0.027063293750000002,295.17934847785693,0.0063879328733724644
682,0.09625000000000006,0.027063293750000002,294.377030610843,0.0038503732690047376
683,0.09875000000000006,0.027063293750000002,293.56097366742017,0.0012860096785023917
684,0.0025,0.02922835725,293.9668963521448,0.7974411474280277
685,0.005,0.02922835725,294.77258395093844,0.794900877951952
686,0.0075,0.02922835725,295.56112548891923,0.792399388703371
687,0.012499999999999999,0.02922835725,300.8764660240711,0.7739328758617475
688,0.015,0.02922835725,305.12595076874146,0.7581539857175691
689,0.017499999999999998,0.02922835725,309.00052957210676,0.7430206246798527
690,0.02,0.02922835725,312.3901327905047,0.7291130137279566
691,0.0225,0.02922835725,315.1187102844223,0.717406709639172
692,0.024999999999999998,0.02922835725,316.83672652827653,0.7097754304849334
693,0.04500000000000001,0.02922835725,350.07350047171104,0.4147868011854689
694,0.047500000000000014,0.02922835725,350.12145941558845,0.408660363287868
695,0.05000000000000002,0.02922835725,350.1463423466612,0.3999999999994344
696,0.05250000000000002,0.02922835725,350.12145941558384,0.3913396367110019
697,0.05500000000000002,0.02922835725,350.0735004717037,0.38521319881340177
698,0.07500000000000004,0.02922835725,316.8367265282206,0.0902245695146653
699,0.07750000000000004,0.02922835725,315.11871028436923,0.08259329036045998
700,0.08000000000000004,0.02922835725,312.390132790456,0.07088698627172631
701,0.08250000000000005,0.02922835725,309.0005295720643,0.05697937531989
702,0.08500000000000005,0.02922835725,305.1259507687084,0.04184601428224024
703,0.08750000000000005,0.02922835725,300.8764660240488,0.02606712413813173
704,0.09250000000000005,0.02922835725,295.5611254889117,0.007600611296591404
705,0.09500000000000006,0.02922835725,294.77258395093367,0.005099122048022691
706,0.09750000000000006,0.02922835725,293.9668963521423,0.0025588525719591718
707,0.00125,0.03139342075,293.55958503963086,0.7987185820915255
708,0.00375,0.03139342075,294.3724056327926,0.7961644706875668
709,0.00625,0.03139342075,295.17104818907507,0.7936385678959108
710,0.008749999999999999,0.03139342075,295.94840618611545,0.7911641114386782
711,0.01125,0.03139342075,298.6335727969693,0.7819104619336413
712,0.013749999999999998,0.03139342075,303.0576831695156,0.7659305847355665
713,0.016249999999999997,0.03139342075,307.14364364921005,0.7503696618707726
714,0.01875,0.03139342075,310.8093525453773,0.7356824172803389
715,0.021249999999999998,0.03139342075,313.9285570471068,0.7225725249099312
716,0.023749999999999997,0.03139342075,316.2869831766225,0.7122418574570228
717,0.04625000000000001,0.03139342075,350.0926115651592,0.4127325751809605
718,0.048750000000000016,0.03139342075,350.13937113905826,0.4046045288914811
719,0.05125000000000002,0.03139342075,350.13937113905604,0.39539547110740286
720,0.05375000000000002,0.03139342075,350.0926115651527,0.38726742481792575
721,0.07625000000000004,0.03139342075,316.28698317656864,0.0877581425426021
722,0.07875000000000004,0.03139342075,313.9285570470563,0.0774274750897335
723,0.08125000000000004,0.03139342075,310.80935254533216,0.0643175827193799
724,0.08375000000000005,0.03139342075,307.14364364917225,0.04963033812900841
725,0.08625000000000005,0.03139342075,303.05768316948775,0.03406941526428138
726,0.08875000000000005,0.03139342075,298.63357279695293,0.018089538066276955
727,0.09125000000000005,0.03139342075,295.94840618610687,0.008835888561280055
728,0.09375000000000006,0.03139342075,295.1710481890691,0.006361432104058169
729,0.09625000000000006,0.03139342075,294.37240563278885,0.003835529312414193
730,0.09875000000000006,0.03139342075,293.5595850396296,0.0012814179084680206
731,0.0025,0.03355848424999999,293.9723980295481,0.7974236967653592
732,0.005,0.03355848424999999,294.78415912491397,0.7948639512838346
733,0.0075,0.03355848424999999,295.5800787535445,0.7923386075631952
734,0.012499999999999999,0.03355848424999999,300.9777701795391,0.7735702750345498
735,0.015,0.03355848424999999,305.3119518833123,0.757447384775126
736,0.017499999999999998,0.03355848424999999,309.30232178440025,0.7418097393015843
737,0.02,0.03355848424999999,312.8743125897935,0.7270688691255454
738,0.0225,0.03355848424999999,315.92994025635466,0.7138237779534926
739,0.024999999999999998,0.03355848424999999,318.32034567551864,0.7029972433839596
740,0.04500000000000001,0.03355848424999999,350.0071144791823,0.42026785867730976
741,0.047500000000000014,0.03355848424999999,350.1062922178223,0.4108381190388862
742,0.05000000000000002,0.03355848424999999,350.1457429766066,0.39999999999945085
743,0.05250000000000002,0.03355848424999999,350.10629221781704,0.3891618809600187
744,0.05500000000000002,0.03355848424999999,350.0071144791717,0.37973214132160293
745,0.07500000000000004,0.03355848424999999,318.32034567546253,0.09700275661564553
746,0.07750000000000004,0.03355848424999999,315.9299402563015,0.08617622204615093
747,0.08000000000000004,0.03355848424999999,312.8743125897451,0.07293113087414912
748,0.08250000000000005,0.03355848424999999,309.30232178435904,0.058190260698168926
749,0.08500000000000005,0.03355848424999999,305.3119518832798,0.0425526152246916
750,0.08750000000000005,0.03355848424999999,300.9777701795166,0.026429724965334755
751,0.09250000000000005,0.03355848424999999,295.58007875353667,0.007661392436768389
752,0.09500000000000006,0.03355848424999999,294.7841591249088,0.005136048716139761
753,0.09750000000000006,0.03355848424999999,293.97239802954556,0.002576303234627982
754,0.00125,0.035723547749999994,293.5662155803288,0.798697492833373
755,0.00375,0.035723547749999994,294.39318092069016,0.7960982553308483
756,0.00625,0.035723547749999994,295.20806185808317,0.7935201102973319
757,0.008749999999999999,0.035723547749999994,296.00636014958445,0.7909783850307236
758,0.01125,0.035723547749999994,298.7883925414824,0.7813708435602978
759,0.013749999999999998,0.035723547749999994,303.39746626196245,0.7646690454101912
760,0.016249999999999997,0.035723547749999994,307.7124827387883,0.7481392947022739
761,0.01875,0.035723547749999994,311.7041586255482,0.7319800930843396
762,0.021249999999999998,0.035723547749999994,315.34519619323066,0.7164030338358691
763,0.023749999999999997,0.035723547749999994,318.6321071498466,0.7015466201704927
764,0.026249999999999996,0.035723547749999994,321.65604471717097,0.6870959140994323
765,0.04375000000000001,0.035723547749999994,349.74929236060404,0.43408201955305814
766,0.04625000000000001,0.035723547749999994,350.0018030326125,0.42053281835458944
767,0.048750000000000016,0.035723547749999994,350.12827757814256,0.4068885755104677
768,0.05125000000000002,0.035723547749999994,350.12827757813903,0.3931114244884582
769,0.05375000000000002,0.035723547749999994,350.0018030326016,0.37946718164434495
770,0.05625000000000002,0.035723547749999994,349.7492923605863,0.3659179804458938
771,0.07375000000000004,0.035723547749999994,321.6560447171108,0.11290408590013302
772,0.07625000000000004,0.035723547749999994,318.63210714979,0.09845337982911825
773,0.07875000000000004,0.035723547749999994,315.3451961931793,0.08359696616379407
774,0.08125000000000004,0.035723547749999994,311.7041586255031,0.06801990691538261
775,0.08375000000000005,0.035723547749999994,307.71248273875176,0.05186070529751204
776,0.08625000000000005,0.035723547749999994,303.3974662619351,0.035330954589660776
777,0.08875000000000005,0.035723547749999994,298.78839254146595,0.018629156439621642
778,0.09125000000000005,0.035723547749999994,296.0063601495753,0.009021614969234733
779,0.09375000000000006,0.035723547749999994,295.20806185807646,0.006479889702637637
780,0.09625000000000006,0.035723547749999994,294.393180920686,0.0039017446691330246
781,0.09875000000000006,0.035723547749999994,293.56621558032754,0.0013025071666205774
782,0.0025,0.03788861124999999,293.9930382659833,0.7973578398793755
783,0.005,0.03788861124999999,294.82715164754705,0.7947264403141415
784,0.0075,0.03788861124999999,295.6495443264903,0.7921150224136576
785,0.012499999999999999,0.03788861124999999,301.3336679631612,0.7722752778477256
786,0.015,0.03788861124999999,305.9535446011399,0.7549916309363791
787,0.017499999999999998,0.03788861124999999,310.307805388176,0.7377365651741393
788,0.02,0.03788861124999999,314.3972635640727,0.7205406713414577
789,0.0225,0.03788861124999999,318.2548482201483,0.7032907442715036
790,0.024999999999999998,0.03788861124999999,321.982646428633,0.6854987433852424
791,0.027499999999999997,0.03788861124999999,325.82283976746527,0.6657986579715475
792,0.04250000000000001,0.03788861124999999,349.17771577745134,0.45351152159362884
793,0.04500000000000001,0.03788861124999999,349.745711939694,0.4342651519344723
794,0.047500000000000014,0.03788861124999999,350.0462811290713,0.41684658428813154
795,0.05000000000000002,0.03788861124999999,350.14207971772487,0.3999999999994749
796,0.05250000000000002,0.03788861124999999,350.0462811290627,0.38315341571082356
797,0.05500000000000002,0.03788861124999999,349.7457119396769,0.365734848064499
798,0.05750000000000002,0.03788861124999999,349.1777157774245,0.34648847840537195
799,0.07250000000000004,0.03788861124999999,325.82283976740075,0.13420134202796047
800,0.07500000000000004,0.03788861124999999,321.98264642857134,0.11450125661432535
801,0.07750000000000004,0.03788861124999999,318.25484822009196,0.09670925572812229
802,0.08000000000000004,0.03788861124999999,314.3972635640222,0.07945932865822948
803,0.08250000000000005,0.03788861124999999,310.30780538813354,0.06226343482561225
804,0.08500000000000005,0.03788861124999999,305.9535446011071,0.04500836906343842
805,0.08750000000000005,0.03788861124999999,301.3336679631385,0.02772472215216014
806,0.09250000000000005,0.03788861124999999,295.6495443264823,0.00788497758630645
807,0.09500000000000006,0.03788861124999999,294.8271516475411,0.0052735596858331105
808,0.09750000000000006,0.03788861124999999,293.99303826598026,0.002642160120611653
809,0.00125,0.04005367474999999,293.5793106209547,0.7986565721788254
810,0.00375,0.04005367474999999,294.43282396777454,0.7959719527254615
811,0.00625,0.04005367474999999,295.27798756337216,0.793295461651092
812,0.008749999999999999,0.04005367474999999,296.112951768143,0.7906316805780471
813,0.01125,0.04005367474999999,299.073402638189,0.7804073573832123
814,0.013749999999999998,0.04005367474999999,303.98466476658814,0.7624863686487234
815,0.016249999999999997,0.04005367474999999,308.65406706760774,0.7444140714229684
816,0.01875,0.04005367474999999,313.09368196594545,0.7261373413667083
817,0.021249999999999998,0.04005367474999999,317.3381527374537,0.7074881131771608
818,0.023749999999999997,0.04005367474999999,321.4615319920099,0.6880542608303628
819,0.026249999999999996,0.04005367474999999,325.59902845169086,0.666957608346273
820,0.028749999999999998,0.04005367474999999,329.95420394498655,0.642525728524743
821,0.03125,0.04005367474999999,334.6043901515938,0.6131685901212937
822,0.03375,0.04005367474999999,339.33711251455736,0.5778817935171316
823,0.036250000000000004,0.04005367474999999,343.475616150404,0.5398036773516899
824,0.03875000000000001,0.04005367474999999,346.42278862166677,0.5046314612131187
825,0.04125000000000001,0.04005367474999999,348.20717317993115,0.47541256435807494
826,0.04375000000000001,0.04005367474999999,349.26089983715366,0.45095505472215625
827,0.04625000000000001,0.04005367474999999,349.8425085128342,0.42963805747887807
828,0.048750000000000016,0.04005367474999999,350.1072692180129,0.4097452972117392
829,0.05125000000000002,0.04005367474999999,350.1072692180082,0.3902547027872365
830,0.05375000000000002,0.04005367474999999,349.8425085128203,0.37036194252010934
831,0.05625000000000002,0.04005367474999999,349.260899837129,0.34904494527685564
832,0.058750000000000024,0.04005367474999999,348.2071731798954,0.3245874356409775
833,0.06125000000000003,0.04005367474999999,346.4227886216194,0.29536853878599173
834,0.06375000000000003,0.04005367474999999,343.4756161503462,0.2601963226474954
835,0.06625000000000003,0.04005367474999999,339.33711251449296,0.22211820648214373
836,0.06875000000000003,0.04005367474999999,334.6043901515267,0.18683140987807212
837,0.07125000000000004,0.04005367474999999,329.9542039449194,0.15747427147470197
838,0.07375000000000004,0.04005367474999999,325.5990284516258,0.1330423916532434
839,0.07625000000000004,0.04005367474999999,321.4615319919491,0.11194573916921835
840,0.07875000000000004,0.04005367474999999,317.33815273739816,0.09251188682248612
841,0.08125000000000004,0.04005367474999999,313.09368196589725,0.07386265863300565
842,0.08375000000000005,0.04005367474999999,308.6540670675693,0.05558592857681339
843,0.08625000000000005,0.04005367474999999,303.9846647665598,0.03751363135112743
844,0.08875000000000005,0.04005367474999999,299.07340263817207,0.019592642616706634
845,0.09125000000000005,0.04005367474999999,296.1129517681331,0.009368319421911438
846,0.09375000000000006,0.04005367474999999,295.27798756336466,0.006704538348877726
847,0.09625000000000006,0.04005367474999999,294.4328239677702,0.0040280472745198165
848,0.09875000000000006,0.04005367474999999,293.57931062095264,0.0013434278211684968
849,0.0025,0.042218738249999985,294.02228011895875,0.797265046019663
850,0.005,0.042218738249999985,294.88853749513765,0.7945303561361454
851,0.0075,0.042218738249999985,295.74832722399725,0.7917973171932479
852,0.012499999999999999,0.042218738249999985,301.79008011643657,0.7706303405069305
853,0.015,0.042218738249999985,306.7444089226187,0.7519450076954475
854,0.017499999999999998,0.042218738249999985,311.47441047912054,0.7329432868306782
855,0.02,0.042218738249999985,316.0097473110299,0.7134630916092466
856,0.0225,0.042218738249999985,320.3987238405255,0.6932013245548634
857,0.024999999999999998,0.042218738249999985,324.71266959052457,0.6716278847628119
858,0.027499999999999997,0.042218738249999985,329.0338227885162,0.6479310901532572
859,0.03,0.042218738249999985,333.39252997753204,0.6212399362832413
860,0.0325,0.042218738249999985,337.6768206267222,0.5911368670939243
861,0.035,0.042218738249999985,341.583145611912,0.5585407272075636
862,0.037500000000000006,0.042218738249999985,344.7540962338979,0.525896483918086
863,0.04000000000000001,0.042218738249999985,347.0367686850065,0.4956268327993932
864,0.04250000000000001,0.042218738249999985,348.54390795313844,0.4685826237340492
865,0.04500000000000001,0.042218738249999985,349.47399895632515,0.4442666823372553
866,0.047500000000000014,0.042218738249999985,349.97711090218365,0.42172543116126154
867,0.05000000000000002,0.042218738249999985,350.1365876653359,0.39999999999949815
868,0.05250000000000002,0.042218738249999985,349.97711090217325,0.37827456883774113
869,0.05500000000000002,0.042218738249999985,349.47399895630457,0.3557333176617652
870,0.05750000000000002,0.042218738249999985,348.5439079531062,0.3314173762650031
871,0.060000000000000026,0.042218738249999985,347.0367686849632,0.304373167199705
872,0.06250000000000003,0.042218738249999985,344.7540962338444,0.2741035160810725
873,0.06500000000000003,0.042218738249999985,341.58314561185045,0.24145927279166735
874,0.06750000000000003,0.042218738249999985,337.6768206266561,0.20886313290538602
875,0.07000000000000003,0.042218738249999985,333.3925299774641,0.17876006371614828
876,0.07250000000000004,0.042218738249999985,329.0338227884489,0.1520689098462063
877,0.07500000000000004,0.042218738249999985,324.71266959046,0.1283721152367225
878,0.07750000000000004,0.042218738249999985,320.3987238404654,0.1067986754447395
879,0.08000000000000004,0.042218738249999985,316.00974731097693,0.0865369083904263
880,0.08250000000000005,0.042218738249999985,311.4744104790763,0.06705671316906434
881,0.08500000000000005,0.042218738249999985,306.7444089225839,0.048054992304365635
882,0.08750000000000005,0.042218738249999985,301.7900801164127,0.029369659492952414
883,0.09250000000000005,0.042218738249999985,295.748327223988,0.008202682806715586
884,0.09500000000000006,0.042218738249999985,294.88853749513146,0.005469643863829488
885,0.09750000000000006,0.042218738249999985,294.02228011895556,0.0027349539803241995
886,0.00125,0.04438380174999998,293.59482408519705,0.7986069195065757
887,0.00375,0.04438380174999998,294.48017926327617,0.7958212911735275
888,0.00625,0.04438380174999998,295.3606396812212,0.7930310683906473
889,0.008749999999999999,0.04438380174999998,296.2371626183851,0.7902336442049868
890,0.01125,0.04438380174999998,299.370222409694,0.7793467253638054
891,0.013749999999999998,0.04438380174999998,304.59246254895385,0.760213248578736
892,0.016249999999999997,0.04438380174999998,309.5790730632164,0.7407144932626566
893,0.01875,0.04438380174999998,314.3571822861686,0.7207238116199587
894,0.021249999999999998,0.04438380174999998,318.95861942307755,0.7000229292135745
895,0.023749999999999997,0.04438380174999998,323.4218408787716,0.6782804981542996
896,0.026249999999999996,0.04438380174999998,327.78244744400513,0.6550488564981324
897,0.028749999999999998,0.04438380174999998,332.0459960300748,0.6298580412623053
898,0.03125,0.04438380174999998,336.1480409998769,0.6024572479148234
899,0.03375,0.04438380174999998,339.9314448478149,0.5731628847642597
900,0.036250000000000004,0.04438380174999998,343.1886309597923,0.5430366031408849
901,0.03875000000000001,0.04438380174999998,345.76907959051636,0.5134999365639275
902,0.04125000000000001,0.04438380174999998,347.65562003539003,0.48558698069725686
903,0.04375000000000001,0.04438380174999998,348.93509731973865,0.4595608117642875
904,0.04625000000000001,0.04438380174999998,349.71828820493556,0.4350923315885106
905,0.048750000000000016,0.04438380174999998,350.08887866818714,0.4115905644707218
906,0.05125000000000002,0.04438380174999998,350.0888786681819,0.3884094355282948
907,0.05375000000000002,0.04438380174999998,349.7182882049198,0.3649076684105181
908,0.05625000000000002,0.04438380174999998,348.93509731971153,0.3404391882347651
909,0.058750000000000024,0.04438380174999998,347.65562003535126,0.31441301930183185
910,0.06125000000000003,0.04438380174999998,345.76907959046673,0.2865000634352106
911,0.06375000000000003,0.04438380174999998,343.188630959734,0.25696339685831354
912,0.06625000000000003,0.04438380174999998,339.93144484775087,0.2268371152350083
913,0.06875000000000003,0.04438380174999998,336.1480409998093,0.19754275208451813
914,0.07125000000000004,0.04438380174999998,332.04599603000605,0.17014195873711013
915,0.07375000000000004,0.04438380174999998,327.78244744393777,0.14495114350135618
916,0.07625000000000004,0.04438380174999998,323.4218408787077,0.1217195018452606
917,0.07875000000000004,0.04438380174999998,318.95861942301906,0.0999770707860561
918,0.08125000000000004,0.04438380174999998,314.3571822861185,0.07927618837974348
919,0.08375000000000005,0.04438380174999998,309.5790730631753,0.05928550673711725
920,0.08625000000000005,0.04438380174999998,304.59246254892315,0.03978675142111021
921,0.08875000000000005,0.04438380174999998,299.37022240967565,0.02065327463611155
922,0.09125000000000005,0.04438380174999998,296.23716261837467,0.009766355794971019
923,0.09375000000000006,0.04438380174999998,295.3606396812134,0.006968931609322063
924,0.09625000000000006,0.04438380174999998,294.48017926327134,0.004178708826453728
925,0.09875000000000006,0.04438380174999998,293.59482408519534,0.0013930804934180676
926,0.0025,0.04654886524999998,294.05336292756186,0.7971668747833652
927,0.005,0.04654886524999998,294.95209498098956,0.7943274821887819
928,0.0075,0.04654886524999998,295.84814394340725,0.791476319607526
929,0.012499999999999999,0.04654886524999998,302.21881026116023,0.7691051761173278
930,0.015,0.04654886524999998,307.44056062194585,0.7492478963942735
931,0.017499999999999998,0.04654886524999998,312.43758074047315,0.7289317307023467
932,0.02,0.04654886524999998,317.2302933728214,0.7079888285332425
933,0.0225,0.04654886524999998,321.8404868988026,0.6861991929797522
934,0.024999999999999998,0.04654886524999998,326.2837217126668,0.6632929467541496
935,0.027499999999999997,0.04654886524999998,330.5558636409868,0.6389984296016428
936,0.03,0.04654886524999998,334.6148293533784,0.6131550797724103
937,0.0325,0.04654886524999998,338.3693821638796,0.5858726224111139
938,0.035,0.04654886524999998,341.6935810084614,0.5576400882613676
939,0.037500000000000006,0.04654886524999998,344.4725652028386,0.5292383263939844
940,0.04000000000000001,0.04654886524999998,346.6514584866889,0.5014380829603265
941,0.04250000000000001,0.04654886524999998,348.24719943246555,0.47469696439312015
942,0.04500000000000001,0.04654886524999998,349.3196265614856,0.44906871117086977
943,0.047500000000000014,0.04654886524999998,349.9331472209287,0.42430466478087797
944,0.05000000000000002,0.04654886524999998,350.1324678050503,0.39999999999951497
945,0.05250000000000002,0.04654886524999998,349.9331472209174,0.37569533521815757
946,0.05500000000000002,0.04654886524999998,349.31962656146345,0.35093128882818353
947,0.05750000000000002,0.04654886524999998,348.24719943243167,0.3253030356059615
948,0.060000000000000026,0.04654886524999998,346.651458486644,0.29856191703879514
949,0.06250000000000003,0.04654886524999998,344.47256520278427,0.27076167360518894
950,0.06500000000000003,0.04654886524999998,341.6935810084003,0.24235991173786586
951,0.06750000000000003,0.04654886524999998,338.3693821638142,0.21412737758818823
952,0.07000000000000003,0.04654886524999998,334.6148293533108,0.18684492022696253
953,0.07250000000000004,0.04654886524999998,330.5558636409185,0.16100157039780236
954,0.07500000000000004,0.04654886524999998,326.2837217126007,0.13670705324536755
955,0.07750000000000004,0.04654886524999998,321.84048689874106,0.1138008070198368
956,0.08000000000000004,0.04654886524999998,317.2302933727662,0.09201117146641936
957,0.08250000000000005,0.04654886524999998,312.43758074042614,0.07106826929738723
958,0.08500000000000005,0.04654886524999998,307.4405606219085,0.05075210360553417
959,0.08750000000000005,0.04654886524999998,302.2188102611348,0.030894823882551742
960,0.09250000000000005,0.04654886524999998,295.8481439433983,0.008523680392437186
961,0.09500000000000006,0.04654886524999998,294.95209498098336,0.0056725178111930695
962,0.09750000000000006,0.04654886524999998,294.05336292755857,0.00283312521662247
963,0.00125,0.048713928749999975,293.6092250931509,0.7985615535135692
964,0.00375,0.048713928749999975,294.5242868290292,0.7956809460891476
965,0.00625,0.048713928749999975,295.4362344924712,0.79278839363055
966,0.008749999999999999,0.048713928749999975,296.347903546055,0.789873965634659
967,0.01125,0.048713928749999975,299.6247164310185,0.7784718698343536
968,0.013749999999999998,0.048713928749999975,305.08390213354977,0.7583739281299966
969,0.016249999999999997,0.048713928749999975,310.2890758141535,0.7378486815520018
970,0.01875,0.048713928749999975,315.2652355382339,0.7167731022066539
971,0.021249999999999998,0.048713928749999975,320.0269368635325,0.6949913912511189
972,0.023749999999999997,0.048713928749999975,324.5811438914433,0.672326724438877
973,0.026249999999999996,0.048713928749999975,328.92070419219914,0.6486085961146946
974,0.028749999999999998,0.048713928749999975,333.0155619830841,0.623729194605196
975,0.03125,0.048713928749999975,336.8072029596052,0.5977218177327033
976,0.03375,0.048713928749999975,340.2142292323481,0.5708241806421538
977,0.036250000000000004,0.048713928749999975,343.15310283709454,0.5434670018376926
978,0.03875000000000001,0.048713928749999975,345.56578492744234,0.5161572459491623
979,0.04125000000000001,0.048713928749999975,347.4364107009548,0.48930886221075764
980,0.04375000000000001,0.048713928749999975,348.7864368336696,0.46312378847039026
981,0.04625000000000001,0.048713928749999975,349.65502884834416,0.43757659314753644
982,0.048750000000000016,0.048713928749999975,350.0787947364386,0.4124731216889179
983,0.05125000000000002,0.048713928749999975,350.07879473643277,0.3875268783101256
984,0.05375000000000002,0.048713928749999975,349.6550288483263,0.36242340685151847
985,0.05625000000000002,0.048713928749999975,348.7864368336415,0.3368762115286864
986,0.058750000000000024,0.048713928749999975,347.43641070091576,0.3106911377883523
987,0.06125000000000003,0.048713928749999975,345.5657849273931,0.28384275404999054
988,0.06375000000000003,0.048713928749999975,343.1531028370374,0.256532998161514
989,0.06625000000000003,0.048713928749999975,340.2142292322852,0.22917581935711331
990,0.06875000000000003,0.048713928749999975,336.8072029595392,0.202278182266631
991,0.07125000000000004,0.048713928749999975,333.0155619830165,0.17627080539420822
992,0.07375000000000004,0.048713928749999975,328.9207041921321,0.1513914038847815
993,0.07625000000000004,0.048713928749999975,324.5811438913792,0.12767327556067173
994,0.07875000000000004,0.048713928749999975,320.0269368634734,0.10500860874850199
995,0.08125000000000004,0.048713928749999975,315.2652355381825,0.08322689779304
996,0.08375000000000005,0.048713928749999975,310.28907581411096,0.06215131844776585
997,0.08625000000000005,0.048713928749999975,305.0839021335182,0.041626071869844954
998,0.08875000000000005,0.048713928749999975,299.62471643099957,0.02152813016556177
999,0.09125000000000005,0.048713928749999975,296.34790354604456,0.010126034365298103
1000,0.09375000000000006,0.048713928749999975,295.4362344924638,0.0072116063694186725
1001,0.09625000000000006,0.048713928749999975,294.5242868290247,0.004319053910833592
1002,0.09875000000000006,0.048713928749999975,293.6092250931494,0.0014384464864241775
1003,0.0025,0.05087899224999998,294.0797130019932,0.7970832897451547
1004,0.005,0.05087899224999998,295.0050935082477,0.7941580824583682
1005,0.0075,0.05087899224999998,295.92976060154035,0.791213566340414
1006,0.012499999999999999,0.05087899224999998,302.5371677514585,0.7679543571739071
1007,0.015,0.05087899224999998,307.9395391342161,0.7472982708606062
1008,0.017499999999999998,0.05087899224999998,313.0958966607628,0.7261593076118258
1009,0.02,0.05087899224999998,318.01436719181135,0.7044173808475318
1010,0.0225,0.05087899224999998,322.69850042279097,0.6819459783875108
1011,0.024999999999999998,0.05087899224999998,327.14107399371886,0.6586279457733714
1012,0.027499999999999997,0.05087899224999998,331.31944886518914,0.6343858437523231
1013,0.03,0.05087899224999998,335.19285153096206,0.6092231920096122
1014,0.0325,0.05087899224999998,338.70497256835915,0.5832611272233287
1015,0.035,0.05087899224999998,341.7942028158182,0.5567444512083954
1016,0.037500000000000006,0.05087899224999998,344.4091123538839,0.5299970604482379
1017,0.04000000000000001,0.05087899224999998,346.52157520867155,0.5033360808261864
1018,0.04250000000000001,0.05087899224999998,348.13009682479344,0.47698530169851205
1019,0.04500000000000001,0.05087899224999998,349.2523958098621,0.4510289518886405
1020,0.047500000000000014,0.05087899224999998,349.9127465176186,0.4254164036723256
1021,0.05000000000000002,0.05087899224999998,350.1304604129142,0.3999999999995258
1022,0.05250000000000002,0.05087899224999998,349.91274651760693,0.3745835963267321
1023,0.05500000000000002,0.05087899224999998,349.252395809839,0.3489710481104336
1024,0.05750000000000002,0.05087899224999998,348.1300968247598,0.32301469830058893
1025,0.060000000000000026,0.05087899224999998,346.5215752086278,0.29666391917295104
1026,0.06250000000000003,0.05087899224999998,344.4091123538315,0.27000293955094495
1027,0.06500000000000003,0.05087899224999998,341.7942028157588,0.2432555487908426
1028,0.06750000000000003,0.05087899224999998,338.7049725682953,0.21673887277597131
1029,0.07000000000000003,0.05087899224999998,335.1928515308958,0.19077680798975458
1030,0.07250000000000004,0.05087899224999998,331.3194488651224,0.16561415624711384
1031,0.07500000000000004,0.05087899224999998,327.1410739936528,0.14137205422613724
1032,0.07750000000000004,0.05087899224999998,322.698500422729,0.11805402161207047
1033,0.08000000000000004,0.05087899224999998,318.01436719175547,0.09558261915212234
1034,0.08250000000000005,0.05087899224999998,313.09589666071514,0.07384069238790249
1035,0.08500000000000005,0.05087899224999998,307.9395391341783,0.05270172913919687
1036,0.08750000000000005,0.05087899224999998,302.5371677514329,0.03204564282596987
1037,0.09250000000000005,0.05087899224999998,295.9297606015318,0.00878643365954848
1038,0.09500000000000006,0.05087899224999998,295.0050935082421,0.005841917541606325
1039,0.09750000000000006,0.05087899224999998,294.07971300199034,0.00291671025483213
1040,0.00125,0.05304405574999998,293.6200256544678,0.7985271627951601
1041,0.00375,0.05304405574999998,294.55748912233236,0.7955750428056135
1042,0.00625,0.05304405574999998,295.49274243264887,0.7926072563493379
1043,0.008749999999999999,0.05304405574999998,296.42991504403653,0.7896106773654333
1044,0.01125,0.05304405574999998,299.7972612551704,0.7778625216268581
1045,0.013749999999999998,0.05304405574999998,305.40888683376664,0.7571408030030162
1046,0.016249999999999997,0.05304405574999998,310.7450193639475,0.7359909398263328
1047,0.01875,0.05304405574999998,315.82396483847464,0.7143153193446401
1048,0.021249999999999998,0.05304405574999998,320.65008525858195,0.6920147454835055
1049,0.023749999999999997,0.05304405574999998,325.21770391847616,0.6690001332709636
1050,0.026249999999999996,0.05304405574999998,329.50940314898315,0.6452105031630877
1051,0.028749999999999998,0.05304405574999998,333.4948643550478,0.6206363900990748
1052,0.03125,0.05304405574999998,337.1324498633267,0.5953416911250053
1053,0.03375,0.05304405574999998,340.3748662320012,0.5694718307202773
1054,0.036250000000000004,0.05304405574999998,343.17824842325,0.5432368359927141
1055,0.03875000000000001,0.05304405574999998,345.511376954835,0.5168684239781146
1056,0.04125000000000001,0.05304405574999998,347.3607280220477,0.4905656995638825
1057,0.04375000000000001,0.05304405574999998,348.72908315966623,0.4644519348665973
1058,0.04625000000000001,0.05304405574999998,349.6289868789268,0.43855783512327706
1059,0.048750000000000016,0.05304405574999998,350.07451413747566,0.4128318541996054
1060,0.05125000000000002,0.05304405574999998,350.07451413746946,0.38716814579945724
1061,0.05375000000000002,0.05304405574999998,349.6289868789095,0.3614421648757961
1062,0.05625000000000002,0.05304405574999998,348.7290831596376,0.33554806513249646
1063,0.058750000000000024,0.05304405574999998,347.36072802200925,0.3094343004352422
1064,0.06125000000000003,0.05304405574999998,345.5113769547879,0.28313157602105027
1065,0.06375000000000003,0.05304405574999998,343.17824842319544,0.25676316400649946
1066,0.06625000000000003,0.05304405574999998,340.37486623194104,0.23052816927899208
1067,0.06875000000000003,0.05304405574999998,337.1324498632624,0.20465830887432596
1068,0.07125000000000004,0.05304405574999998,333.49486435498153,0.17936360990032357
1069,0.07375000000000004,0.05304405574999998,329.5094031489165,0.15478949683638177
1070,0.07625000000000004,0.05304405574999998,325.21770391841227,0.13099986672857736
1071,0.07875000000000004,0.05304405574999998,320.6500852585227,0.10798525451610899
1072,0.08125000000000004,0.05304405574999998,315.8239648384222,0.08568468065504811
1073,0.08375000000000005,0.05304405574999998,310.7450193639042,0.06400906017343107
1074,0.08625000000000005,0.05304405574999998,305.40888683373413,0.04285919699682278
1075,0.08875000000000005,0.05304405574999998,299.7972612551511,0.022137478373054943
1076,0.09125000000000005,0.05304405574999998,296.4299150440266,0.010389322634523173
1077,0.09375000000000006,0.05304405574999998,295.49274243264176,0.007392743650630001
1078,0.09625000000000006,0.05304405574999998,294.55748912232787,0.004424957194366952
1079,0.09875000000000006,0.05304405574999998,293.62002565446664,0.001472837204833153
1080,0.0025,0.05520911924999997,294.09678606756523,0.7970285557881587
1081,0.005,0.05520911924999997,295.0400711490039,0.7940459098167574
1082,0.0075,0.05520911924999997,295.9834609596804,0.791040259460168
1083,0.012499999999999999,0.05520911924999997,302.7214863749813,0.7672589469228313
1084,0.015,0.05520911924999997,308.23190506572905,0.7461445797692877
1085,0.017499999999999998,0.05520911924999997,313.47164466346686,0.7245641923241014
1086,0.02,0.05520911924999997,318.4459521436903,0.7024324822710153
1087,0.0225,0.05520911924999997,323.1514676227916,0.679673875562459
1088,0.024999999999999998,0.05520911924999997,327.5749472893795,0.6562345316306046
1089,0.027499999999999997,0.05520911924999997,331.6928209587821,0.6320971413577692
1090,0.03,0.05520911924999997,335.4723766968789,0.6072949644597064
1091,0.0325,0.05520911924999997,338.87535694718196,0.5819189228711529
1092,0.035,0.05520911924999997,341.8637960561858,0.5561112561747796
1093,0.037500000000000006,0.05520911924999997,344.40656703543897,0.5300432273942878
1094,0.04000000000000001,0.05520911924999997,346.4842077272615,0.5038817985956914
1095,0.04250000000000001,0.05520911924999997,348.0900744554349,0.47775646908903063
1096,0.04500000000000001,0.05520911924999997,349.2275685217634,0.45173779034454886
1097,0.047500000000000014,0.05520911924999997,349.90491788026134,0.4258333641895933
1098,0.05000000000000002,0.05520911924999997,350.1297022755569,0.39999999999953445
1099,0.05250000000000002,0.05520911924999997,349.90491788024974,0.3741666358094809
1100,0.05500000000000002,0.05520911924999997,349.22756852174075,0.34826220965454063
1101,0.05750000000000002,0.05520911924999997,348.0900744554022,0.3222435309100841
1102,0.060000000000000026,0.05520911924999997,346.48420772721977,0.2961182014034574
1103,0.06250000000000003,0.05520911924999997,344.406567035389,0.26995677260490347
1104,0.06500000000000003,0.05520911924999997,341.8637960561293,0.24388874382446227
1105,0.06750000000000003,0.05520911924999997,338.8753569471198,0.2180810771281462
1106,0.07000000000000003,0.05520911924999997,335.47237669681317,0.19270503553965673
1107,0.07250000000000004,0.05520911924999997,331.69282095871546,0.16790285864166182
1108,0.07500000000000004,0.05520911924999997,327.57494728931414,0.14376546836889742
1109,0.07750000000000004,0.05520911924999997,323.15146762272957,0.12032612443711613
1110,0.08000000000000004,0.05520911924999997,318.44595214363443,0.09756751772863405
1111,0.08250000000000005,0.05520911924999997,313.4716446634189,0.07543580767562279
1112,0.08500000000000005,0.05520911924999997,308.23190506569097,0.05385542023051142
1113,0.08750000000000005,0.05520911924999997,302.7214863749555,0.032741053077043974
1114,0.09250000000000005,0.05520911924999997,295.98346095967213,0.008959740539793974
1115,0.09500000000000006,0.05520911924999997,295.04007114899844,0.005954090183216495
1116,0.09750000000000006,0.05520911924999997,294.09678606756245,0.002971444211828534
1117,0.00125,0.057374182749999975,293.62643199231627,0.798507568257284
1118,0.00375,0.057374182749999975,294.57577111734713,0.7955165638878934
1119,0.00625,0.057374182749999975,295.5234304605976,0.7925077803361017
1120,0.008749999999999999,0.057374182749999975,296.4728240962326,0.7894680703858661
1121,0.01125,0.057374182749999975,299.89888284260627,0.7775491298161255
1122,0.013749999999999998,0.057374182749999975,305.5753173303277,0.7565147618333865
1123,0.016249999999999997,0.057374182749999975,310.9718229109941,0.7350639246259824
1124,0.01875,0.057374182749999975,316.09495815254934,0.7131161838000664
1125,0.021249999999999998,0.057374182749999975,320.94395172295475,0.6906002120112077
1126,0.023749999999999997,0.057374182749999975,325.50930462867683,0.6674623665601221
1127,0.026249999999999996,0.057374182749999975,329.77236407026203,0.643677455660949
1128,0.028749999999999998,0.057374182749999975,333.7061800698865,0.6192591853078185
1129,0.03125,0.057374182749999975,337.27805766303663,0.5942665230340278
1130,0.03375,0.057374182749999975,340.4537746801924,0.5688018226545274
1131,0.036250000000000004,0.057374182749999975,343.20263970412213,0.542998293287461
1132,0.03875000000000001,0.057374182749999975,345.5018901681031,0.5169982723706317
1133,0.04125000000000001,0.057374182749999975,347.33891618126637,0.4909280332375657
1134,0.04375000000000001,0.057374182749999975,348.7105900065289,0.4648768835314539
1135,0.04625000000000001,0.057374182749999975,349.62016061240064,0.438886761044552
1136,0.048750000000000016,0.057374182749999975,350.0730447885441,0.4129545562918697
1137,0.05125000000000002,0.057374182749999975,350.07304478853854,0.387045443707206
1138,0.05375000000000002,0.057374182749999975,349.62016061238387,0.3611132389545338
1139,0.05625000000000002,0.057374182749999975,348.71059000650155,0.33512311646765136
1140,0.058750000000000024,0.057374182749999975,347.33891618122976,0.3090719667615688
1141,0.06125000000000003,0.057374182749999975,345.5018901680578,0.2830017276285407
1142,0.06375000000000003,0.057374182749999975,343.2026397040693,0.2570017067117567
1143,0.06625000000000003,0.057374182749999975,340.45377468013317,0.23119817734474318
1144,0.06875000000000003,0.057374182749999975,337.27805766297246,0.20573347696530223
1145,0.07125000000000004,0.057374182749999975,333.70618006981954,0.18074081469157666
1146,0.07375000000000004,0.057374182749999975,329.7723640701951,0.15632254433851572
1147,0.07625000000000004,0.057374182749999975,325.50930462861237,0.13253763343941485
1148,0.07875000000000004,0.057374182749999975,320.9439517228962,0.1093997879884028
1149,0.08125000000000004,0.057374182749999975,316.0949581524973,0.08688381619961892
1150,0.08375000000000005,0.057374182749999975,310.9718229109506,0.06493607537377886
1151,0.08625000000000005,0.057374182749999975,305.5753173302951,0.043485238166450155
1152,0.08875000000000005,0.057374182749999975,299.8988828425877,0.022450870183787323
1153,0.09125000000000005,0.057374182749999975,296.4728240962232,0.010531929614089757
1154,0.09375000000000006,0.057374182749999975,295.5234304605911,0.007492219663866181
1155,0.09625000000000006,0.057374182749999975,294.57577111734327,0.004483436112087081
1156,0.09875000000000006,0.057374182749999975,293.6264319923151,0.0014924317427091132